gamme,nombre_produits,quantite_vendue,chiffre_affaires,prix_moyen,nombre_clients,nombre_commandes,prix_moyen_calcule,prix_moyen_reel
Classic Cars,37,34381.0,3724204.52,107.925814,94,202,108.3215880864431,108.3215880864431
Vintage Cars,24,21933.0,1717386.28,78.284241,89,179,78.3014763142297,78.3014763142297
Motorcycles,13,12684.0,1113502.03,87.339272,55,77,87.78792415641753,87.78792415641753
Trucks and Buses,11,10830.0,1007426.26,92.678618,49,74,93.02181532779316,93.02181532779316
Planes,12,10842.0,869810.9,80.330259,50,62,80.22605607821436,80.22605607821436
Ships,9,7567.0,588400.06,77.697385,48,63,77.7586969737016,77.7586969737016
Trains,3,2651.0,175030.77,66.481053,34,44,66.02443228970199,66.02443228970199
